volume,generated,selected,csp_time,solutions,candidates,total_time,reduction_percent
30,680,680,0.133711,12,16,0.144624,0.0
35,680,680,0.245875,33,16,0.255888,0.0
40,2925,1000,0.413522,38,26,0.432821,65.8119658119658
45,2925,1000,0.5148,68,26,0.539388,65.8119658119658
50,2925,1000,0.553633,93,26,0.578079,65.8119658119658
55,39711,1000,1.046953,214,62,1.168838,97.48180604870187
60,45760,1000,1.441335,320,65,1.56677,97.8146853146853
65,45760,1000,1.7741,417,65,2.015261,97.8146853146853
70,79079,1000,1.8569,620,78,2.079241,98.73544177341645
75,105995,1000,2.360182,858,86,2.586204,99.05655927166376
80,129766,1000,1.772927,1000,92,2.126967,99.22938211858268
85,142880,1000,2.128103,1000,95,2.43506,99.30011198208287
90,147440,1000,2.849207,1000,96,3.246629,99.32175800325557
95,147440,1000,2.882049,1000,96,3.163446,99.32175800325557
100,166650,1000,2.296137,1000,100,2.577314,99.3999399939994
105,166650,1000,2.224985,1000,100,2.496882,99.3999399939994
110,166650,1000,2.273669,1000,100,2.574253,99.3999399939994
115,166650,1000,2.258785,1000,100,2.541628,99.3999399939994
120,166650,1000,1.893418,1000,100,2.190652,99.3999399939994
125,166650,1000,2.107789,1000,100,2.411724,99.3999399939994
130,166650,1000,1.762636,1000,100,2.110219,99.3999399939994
135,166650,1000,1.687049,1000,100,1.976814,99.3999399939994
140,166650,1000,1.80088,1000,100,2.107404,99.3999399939994
